{
    "loss": 0.015478819608688354,
    "accuracy": 0.9915966391563416
}